﻿<?xml version="1.0" encoding="utf-8" ?>
<ThingDefs>

  <ThingDef Name="ApparelBase" Abstract="True">
    <thingClass>Apparel</thingClass>
    <category>Item</category>
    <selectable>True</selectable>
    <pathCost>10</pathCost>
    <useHitPoints>False</useHitPoints>
    <graphicData>
      <onGroundRandomRotateAngle>35</onGroundRandomRotateAngle>
    </graphicData>
    <drawGUIOverlay>true</drawGUIOverlay>
    <statBases>
      <Flammability>1.0</Flammability>
      <SellPriceFactor>0.5</SellPriceFactor>
    </statBases>
    <altitudeLayer>Item</altitudeLayer>
    <alwaysHaulable>True</alwaysHaulable>
    <tickerType>Never</tickerType>
    <comps>
      <li>
        <compClass>CompForbiddable</compClass>
      </li>
      <li>
        <compClass>CompColorable</compClass>
      </li>
      <li>
        <compClass>CompQuality</compClass>
      </li>
    </comps>
  </ThingDef>




  <ThingDef ParentName="ApparelBase">
    <defName>Apparello_PTArmor</defName>
    <label>Transcended Armor</label>
    <description>Pre transcended technology. Fitted with selfdestructive systems, cannot be removed from the wearer without breaking.</description>
    <graphicData>
      <texPath>PreAcs/PreAcs</texPath>
      <graphicClass>Graphic_Single</graphicClass>
    </graphicData>
    <tradeability>Never</tradeability>
    <destroyOnDrop>True</destroyOnDrop>
    <menuHidden>True</menuHidden>
    <statBases>
      <MarketValue>1000</MarketValue>
      <ArmorRating_Blunt>0.6</ArmorRating_Blunt>
      <ArmorRating_Sharp>0.7</ArmorRating_Sharp>
      <ArmorRating_Heat>0.8</ArmorRating_Heat>
      <ArmorRating_Electric>-1</ArmorRating_Electric>
      <Insulation_Cold>-35</Insulation_Cold>
      <Insulation_Heat>15</Insulation_Heat>
    </statBases>
    <equippedStatOffsets>
      <MoveSpeed>1</MoveSpeed>
      <WorkSpeedGlobal>-0.5</WorkSpeedGlobal>
    </equippedStatOffsets>
    <apparel>
      <bodyPartGroups>
        <li>Torso</li>
        <li>Shoulders</li>
        <li>Arms</li>
        <li>Legs</li>
      </bodyPartGroups>
      <worngraphicPath>PreAcs/PreAcs</worngraphicPath>
      <layers>
        <li>Middle</li>
        <li>Shell</li>
      </layers>
      <commonality>1</commonality>
      <tags>
        <li>PreTranny</li>
      </tags>
    </apparel>
		<colorGenerator Class="ColorGenerator_Options">
			<options>
				<li>
					<weight>20</weight>
					<only>RGBA(1,1,1,1)</only>
				</li>
			</options>
		</colorGenerator>
  </ThingDef>


  <ThingDef ParentName="ApparelBase">
    <defName>Apparello_PTArmorElite</defName>
    <label>Transcended Armor</label>
    <description>Pre transcended technology. Fitted with selfdestructive systems, cannot be removed from the wearer without breaking.</description>
    <graphicData>
      <texPath>PreAcsElite/PreAcs</texPath>
      <graphicClass>Graphic_Single</graphicClass>
    </graphicData>
    <tradeability>Never</tradeability>
    <destroyOnDrop>True</destroyOnDrop>
    <menuHidden>True</menuHidden>
    <statBases>
      <MarketValue>1000</MarketValue>
      <ArmorRating_Blunt>0.6</ArmorRating_Blunt>
      <ArmorRating_Sharp>0.7</ArmorRating_Sharp>
      <ArmorRating_Heat>0.8</ArmorRating_Heat>
      <ArmorRating_Electric>-1</ArmorRating_Electric>
      <Insulation_Cold>-35</Insulation_Cold>
      <Insulation_Heat>15</Insulation_Heat>
    </statBases>
    <equippedStatOffsets>
      <MoveSpeed>1</MoveSpeed>
      <WorkSpeedGlobal>-0.5</WorkSpeedGlobal>
    </equippedStatOffsets>
    <apparel>
      <bodyPartGroups>
        <li>Torso</li>
        <li>Shoulders</li>
        <li>Arms</li>
        <li>Legs</li>
      </bodyPartGroups>
      <worngraphicPath>PreAcsElite/PreAcs</worngraphicPath>
      <layers>
        <li>Middle</li>
        <li>Shell</li>
      </layers>
      <commonality>1</commonality>
      <tags>
        <li>PreTrannyElite</li>
      </tags>
    </apparel>
		<colorGenerator Class="ColorGenerator_Options">
			<options>
				<li>
					<weight>20</weight>
					<only>RGBA(1,1,1,1)</only>
				</li>
			</options>
		</colorGenerator>
  </ThingDef>

</ThingDefs>