﻿<?xml version="1.0" encoding="utf-8" ?>
<PawnKindDefs>

  <PawnKindDef>
    <defName>PreTrainGrenadier</defName>
    <label>grenadier</label>
    <race>Human</race>
    <pointsCost>90</pointsCost>
    <baseRecruitDifficulty>30</baseRecruitDifficulty>
    <backstoryCategory>Civil</backstoryCategory>
    <defaultFactionType>PreTransfaction</defaultFactionType>
    <backstoryCryptosleepCommonality>1</backstoryCryptosleepCommonality>
    <maxGenerationAge>58</maxGenerationAge>
    <itemQuality>Good</itemQuality>
    <apparelMoney>
      <min>3000</min>
      <max>4000</max>
    </apparelMoney>
    <apparelTags>
      <li>Spacer</li>
    </apparelTags>
    <apparelRequired>
      <li>Apparel_PowerArmorHelmet</li>
    </apparelRequired>
    <apparelIgnoreSeasons>true</apparelIgnoreSeasons>
    <apparelAllowHeadwearChance>1</apparelAllowHeadwearChance>
    <weaponMoney>
      <min>1000</min>
      <max>2000</max>
    </weaponMoney>
    <weaponTags>
      <li>GrenadeDestructive</li>
    </weaponTags>
    <artificialBodyPartsMoney>
      <min>1000</min>
      <max>5000</max>
    </artificialBodyPartsMoney>
    <artificialBodyPartsTags>
      <li>Advanced</li>
      <li>AdvancedPT</li>
    </artificialBodyPartsTags>
    <artificialBodyPartsChance>1</artificialBodyPartsChance>
    <inventoryOptions>
      <skipChance>0.9</skipChance>
      <subOptionsChooseOne>
        <li>
          <thingDef>Silver</thingDef>
          <countRange>
            <min>50</min>
            <max>200</max>
          </countRange>
        </li>
        <li>
          <thingDef>GlitterworldMedicine</thingDef>
          <countRange>
            <min>1</min>
            <max>1</max>
          </countRange>
        </li>
      </subOptionsChooseOne>
    </inventoryOptions>
  </PawnKindDef>

  <PawnKindDef>
    <defName>PreTrainInfantry</defName>
    <label>infantry</label>
    <race>Human</race>
    <pointsCost>90</pointsCost>
    <baseRecruitDifficulty>30</baseRecruitDifficulty>
    <backstoryCategory>Civil</backstoryCategory>
    <defaultFactionType>PreTransfaction</defaultFactionType>
    <backstoryCryptosleepCommonality>1</backstoryCryptosleepCommonality>
    <maxGenerationAge>58</maxGenerationAge>
    <itemQuality>Good</itemQuality>
    <apparelMoney>
      <min>3000</min>
      <max>4000</max>
    </apparelMoney>
    <apparelTags>
      <li>Spacer</li>
    </apparelTags>
    <apparelRequired>
      <li>Apparel_PowerArmor</li>
     <!--<li>Apparel_PowerArmorHelmet</li>-->
    </apparelRequired>
    <apparelIgnoreSeasons>true</apparelIgnoreSeasons>
    <apparelAllowHeadwearChance>1</apparelAllowHeadwearChance>
    <weaponMoney>
      <min>1500</min>
      <max>2000</max>
    </weaponMoney>
    <weaponTags>
      <li>AdvancedGun</li>
    </weaponTags>
    <artificialBodyPartsMoney>
      <min>1000</min>
      <max>5000</max>
    </artificialBodyPartsMoney>
    <artificialBodyPartsTags>
      <li>Advanced</li>
      <li>AdvancedPT</li>
    </artificialBodyPartsTags>
    <artificialBodyPartsChance>1</artificialBodyPartsChance>
    <inventoryOptions>
      <skipChance>0.9</skipChance>
      <subOptionsChooseOne>
        <li>
          <thingDef>Silver</thingDef>
          <countRange>
            <min>50</min>
            <max>200</max>
          </countRange>
        </li>
        <li>
          <thingDef>GlitterworldMedicine</thingDef>
          <countRange>
            <min>1</min>
            <max>1</max>
          </countRange>
        </li>
      </subOptionsChooseOne>
    </inventoryOptions>
  </PawnKindDef>

  <PawnKindDef>
    <defName>PreTrainHeavy</defName>
    <label>heavyweapon specialist</label>
    <race>Human</race>
    <pointsCost>90</pointsCost>
    <baseRecruitDifficulty>30</baseRecruitDifficulty>
    <backstoryCategory>Civil</backstoryCategory>
    <defaultFactionType>PreTransfaction</defaultFactionType>
    <backstoryCryptosleepCommonality>1</backstoryCryptosleepCommonality>
    <maxGenerationAge>58</maxGenerationAge>
    <itemQuality>Good</itemQuality>
    <apparelMoney>
      <min>3000</min>
      <max>4000</max>
    </apparelMoney>
    <apparelTags>
      <li>Spacer</li>
    </apparelTags>
    <apparelIgnoreSeasons>true</apparelIgnoreSeasons>
    <apparelAllowHeadwearChance>1</apparelAllowHeadwearChance>
    <weaponMoney>
      <min>1000</min>
      <max>2000</max>
    </weaponMoney>
    <weaponTags>
      <li>GunHeavy</li>
    </weaponTags>
    <artificialBodyPartsMoney>
      <min>1000</min>
      <max>5000</max>
    </artificialBodyPartsMoney>
    <artificialBodyPartsTags>
      <li>Advanced</li>
      <li>AdvancedPT</li>
    </artificialBodyPartsTags>
    <artificialBodyPartsChance>1</artificialBodyPartsChance>
    <inventoryOptions>
      <skipChance>0.9</skipChance>
      <subOptionsChooseOne>
        <li>
          <thingDef>Silver</thingDef>
          <countRange>
            <min>50</min>
            <max>200</max>
          </countRange>
        </li>
        <li>
          <thingDef>GlitterworldMedicine</thingDef>
          <countRange>
            <min>1</min>
            <max>1</max>
          </countRange>
        </li>
      </subOptionsChooseOne>
    </inventoryOptions>
  </PawnKindDef>


















  <PawnKindDef Abstract="True" Name="KnightBase">
    <race>Human</race>
    <pointsCost>100</pointsCost>
    <baseRecruitDifficulty>30</baseRecruitDifficulty>
    <backstoryCategory>Civil</backstoryCategory>
    <defaultFactionType>PreTransfaction</defaultFactionType>
    <backstoryCryptosleepCommonality>1</backstoryCryptosleepCommonality>
    <maxGenerationAge>58</maxGenerationAge>
    <itemQuality>Good</itemQuality>
    <apparelMoney>
      <min>4000</min>
      <max>5000</max>
    </apparelMoney>
    <apparelTags>
      <li>PreTranny</li>
      <li>Spacer</li>
    </apparelTags>
    <apparelIgnoreSeasons>true</apparelIgnoreSeasons>
    <apparelAllowHeadwearChance>1</apparelAllowHeadwearChance>
    <weaponMoney>
      <min>1000</min>
      <max>2000</max>
    </weaponMoney>
    <weaponTags>
      <li>TransBlue</li>
    </weaponTags>
    <artificialBodyPartsMoney>
      <min>1000</min>
      <max>5000</max>
    </artificialBodyPartsMoney>
    <artificialBodyPartsTags>
      <li>Advanced</li>
      <li>AdvancedPT</li>
    </artificialBodyPartsTags>
    <artificialBodyPartsChance>1</artificialBodyPartsChance>
    <inventoryOptions>
      <skipChance>0.5</skipChance>
      <subOptionsChooseOne>
        <li>
          <thingDef>Plasteel</thingDef>
          <countRange>
            <min>5</min>
            <max>30</max>
          </countRange>
        </li>
        <li>
          <thingDef>GlitterworldMedicine</thingDef>
          <countRange>
            <min>1</min>
            <max>1</max>
          </countRange>
        </li>
      </subOptionsChooseOne>
    </inventoryOptions>
  </PawnKindDef>

  <PawnKindDef ParentName="KnightBase">
    <defName>PreTrainKnight</defName>
    <label>pacificator</label>
    <apparelRequired>
      <li>Apparello_PTAerodynamic</li>
      <li>Apparello_PTArmor</li>
    </apparelRequired>
  </PawnKindDef>
  <PawnKindDef ParentName="KnightBase">
    <defName>PreTrainKnightLOOT</defName>
    <label>pacificator</label>
    <apparelRequired>
      <li>Apparello_PTAerodynamicDROP</li>
      <li>Apparello_PTArmorDROP</li>
    </apparelRequired>
  </PawnKindDef>


  <PawnKindDef>
    <defName>PreTrainSpecialist</defName>
    <label>specialist</label>
    <race>Human</race>
    <pointsCost>120</pointsCost>
    <baseRecruitDifficulty>30</baseRecruitDifficulty>
    <backstoryCategory>Civil</backstoryCategory>
    <defaultFactionType>PreTransfaction</defaultFactionType>
    <backstoryCryptosleepCommonality>1</backstoryCryptosleepCommonality>
    <maxGenerationAge>58</maxGenerationAge>
    <itemQuality>Good</itemQuality>
    <apparelMoney>
      <min>4000</min>
      <max>5000</max>
    </apparelMoney>
    <apparelTags>
      <li>PreTrannyElite</li>
      <li>Spacer</li>
    </apparelTags>
    <apparelRequired>
      <li>Apparello_PTKurt</li>
      <li>Apparello_PTArmorElite</li>
    </apparelRequired>
    <apparelIgnoreSeasons>true</apparelIgnoreSeasons>
    <apparelAllowHeadwearChance>1</apparelAllowHeadwearChance>
    <weaponMoney>
      <min>1000</min>
      <max>2000</max>
    </weaponMoney>
    <weaponTags>
      <li>TransOrange</li>
    </weaponTags>
    <artificialBodyPartsMoney>
      <min>1000</min>
      <max>5000</max>
    </artificialBodyPartsMoney>
    <artificialBodyPartsTags>
      <li>Advanced</li>
      <li>AdvancedPT</li>
    </artificialBodyPartsTags>
    <artificialBodyPartsChance>1</artificialBodyPartsChance>
    <inventoryOptions>
      <skipChance>0.5</skipChance>
      <subOptionsChooseOne>
        <li>
          <thingDef>Plasteel</thingDef>
          <countRange>
            <min>5</min>
            <max>30</max>
          </countRange>
        </li>
        <li>
          <thingDef>GlitterworldMedicine</thingDef>
          <countRange>
            <min>1</min>
            <max>1</max>
          </countRange>
        </li>
      </subOptionsChooseOne>
    </inventoryOptions>
  </PawnKindDef>



  <PawnKindDef>
    <defName>PreTrainOverseer</defName>
    <label>overseer</label>
    <race>Human</race>
    <pointsCost>100</pointsCost>
    <baseRecruitDifficulty>80</baseRecruitDifficulty>
    <backstoryCategory>Civil</backstoryCategory>
    <defaultFactionType>PreTransfaction</defaultFactionType>
    <backstoryCryptosleepCommonality>1</backstoryCryptosleepCommonality>
    <maxGenerationAge>58</maxGenerationAge>
    <factionLeader>true</factionLeader>
    <itemQuality>Good</itemQuality>
    <apparelMoney>
      <min>4000</min>
      <max>5000</max>
    </apparelMoney>
    <apparelTags>
      <li>PreTranny</li>
      <li>Spacer</li>
    </apparelTags>
    <apparelRequired>
      <li>Apparel_PersonalShield</li>
      <li>Apparello_PTArmor</li>
      <li>Apparello_PTCommissar</li>
    </apparelRequired>
    <apparelIgnoreSeasons>true</apparelIgnoreSeasons>
    <apparelAllowHeadwearChance>0</apparelAllowHeadwearChance>
    <weaponMoney>
      <min>5000</min>
      <max>8000</max>
    </weaponMoney>
    <weaponTags>
      <li>PTMelee</li>
    </weaponTags>
    <artificialBodyPartsMoney>
      <min>10000</min>
      <max>50000</max>
    </artificialBodyPartsMoney>
    <artificialBodyPartsTags>
      <li>Advanced</li>
      <li>AdvancedPT</li>
    </artificialBodyPartsTags>
    <artificialBodyPartsChance>1</artificialBodyPartsChance>
    <inventoryOptions>
      <skipChance>0.4</skipChance>
      <subOptionsChooseOne>
        <li>
          <thingDef>Plasteel</thingDef>
          <countRange>
            <min>5</min>
            <max>30</max>
          </countRange>
        </li>
        <li>
          <thingDef>GlitterworldMedicine</thingDef>
          <countRange>
            <min>1</min>
            <max>1</max>
          </countRange>
        </li>
      </subOptionsChooseOne>
    </inventoryOptions>
  </PawnKindDef>


</PawnKindDefs>